{
    "left": {
        "K": [
            [
                600.4729895800593,
                0.0,
                631.0642628700198
            ],
            [
                0.0,
                600.4068459470097,
                400.01260815995863
            ],
            [
                0.0,
                0.0,
                1.0
            ]
        ],
        "D": [
            [
                -0.0009101075341391837
            ],
            [
                0.04540338563624911
            ],
            [
                -0.07076778945623365
            ],
            [
                0.05179750249739249
            ]
        ],
        "avg_err": 0.053666455882354774
    },
    "right": {
        "K": [
            [
                606.3615895174759,
                0.0,
                636.2804576225215
            ],
            [
                0.0,
                606.5508750748029,
                352.0068474129242
            ],
            [
                0.0,
                0.0,
                1.0
            ]
        ],
        "D": [
            [
                0.002802866728107214
            ],
            [
                -0.02727275796825917
            ],
            [
                0.18091972965860095
            ],
            [
                -0.22477892468267666
            ]
        ],
        "avg_err": 0.05183173522065674
    }
}